11,-13,M8J0c55v3hukZRrxBt2Fi8Xfn9g=,0Ijp2bqB45SuWEZN2aExM5ExPCY=
12,-13,M8J0c55v3hukZRrxBt2Fi8Xfn9g=,0Ijp2bqB45SuWEZN2aExM5ExPCY=
11,-12,M8J0c55v3hukZRrxBt2Fi8Xfn9g=,0Ijp2bqB45SuWEZN2aExM5ExPCY=
12,-12,M8J0c55v3hukZRrxBt2Fi8Xfn9g=,0Ijp2bqB45SuWEZN2aExM5ExPCY=
4,-13,M8J0c55v3hukZRrxBt2Fi8Xfn9g=,TLrgV511ktj/V3xG40Hm/GakKi8=
9,-13,M8J0c55v3hukZRrxBt2Fi8Xfn9g=,0Ijp2bqB45SuWEZN2aExM5ExPCY=
5,-13,M8J0c55v3hukZRrxBt2Fi8Xfn9g=,TLrgV511ktj/V3xG40Hm/GakKi8=
6,-13,iypAVaSGjPD0u/pJWKhWT6bYeqg=,TLrgV511ktj/V3xG40Hm/GakKi8=
7,-13,iypAVaSGjPD0u/pJWKhWT6bYeqg=,TLrgV511ktj/V3xG40Hm/GakKi8=
3,-12,iypAVaSGjPD0u/pJWKhWT6bYeqg=,TLrgV511ktj/V3xG40Hm/GakKi8=
4,-12,iypAVaSGjPD0u/pJWKhWT6bYeqg=,TLrgV511ktj/V3xG40Hm/GakKi8=
5,-12,iypAVaSGjPD0u/pJWKhWT6bYeqg=,TLrgV511ktj/V3xG40Hm/GakKi8=
6,-12,iypAVaSGjPD0u/pJWKhWT6bYeqg=,TLrgV511ktj/V3xG40Hm/GakKi8=
7,-12,iypAVaSGjPD0u/pJWKhWT6bYeqg=,TLrgV511ktj/V3xG40Hm/GakKi8=
10,-13,iypAVaSGjPD0u/pJWKhWT6bYeqg=,0Ijp2bqB45SuWEZN2aExM5ExPCY=
8,-13,iypAVaSGjPD0u/pJWKhWT6bYeqg=,0Ijp2bqB45SuWEZN2aExM5ExPCY=
8,-12,iypAVaSGjPD0u/pJWKhWT6bYeqg=,0Ijp2bqB45SuWEZN2aExM5ExPCY=
9,-12,iypAVaSGjPD0u/pJWKhWT6bYeqg=,0Ijp2bqB45SuWEZN2aExM5ExPCY=
10,-12,iypAVaSGjPD0u/pJWKhWT6bYeqg=,0Ijp2bqB45SuWEZN2aExM5ExPCY=
11,-8,iypAVaSGjPD0u/pJWKhWT6bYeqg=,m/H0vmaHVXO2Jh0fX8I8idjYCSg=
12,-8,iypAVaSGjPD0u/pJWKhWT6bYeqg=,m/H0vmaHVXO2Jh0fX8I8idjYCSg=
12,-11,iypAVaSGjPD0u/pJWKhWT6bYeqg=,0Ijp2bqB45SuWEZN2aExM5ExPCY=
11,-7,iypAVaSGjPD0u/pJWKhWT6bYeqg=,m/H0vmaHVXO2Jh0fX8I8idjYCSg=
11,-11,iypAVaSGjPD0u/pJWKhWT6bYeqg=,0Ijp2bqB45SuWEZN2aExM5ExPCY=
3,-13,iypAVaSGjPD0u/pJWKhWT6bYeqg=,TLrgV511ktj/V3xG40Hm/GakKi8=
11,-4,iypAVaSGjPD0u/pJWKhWT6bYeqg=,m/H0vmaHVXO2Jh0fX8I8idjYCSg=
12,-4,iypAVaSGjPD0u/pJWKhWT6bYeqg=,m/H0vmaHVXO2Jh0fX8I8idjYCSg=
11,-9,iypAVaSGjPD0u/pJWKhWT6bYeqg=,0Ijp2bqB45SuWEZN2aExM5ExPCY=
12,-9,iypAVaSGjPD0u/pJWKhWT6bYeqg=,0Ijp2bqB45SuWEZN2aExM5ExPCY=
11,-5,iypAVaSGjPD0u/pJWKhWT6bYeqg=,m/H0vmaHVXO2Jh0fX8I8idjYCSg=
12,-6,iypAVaSGjPD0u/pJWKhWT6bYeqg=,m/H0vmaHVXO2Jh0fX8I8idjYCSg=
12,-10,iypAVaSGjPD0u/pJWKhWT6bYeqg=,0Ijp2bqB45SuWEZN2aExM5ExPCY=
12,-5,iypAVaSGjPD0u/pJWKhWT6bYeqg=,m/H0vmaHVXO2Jh0fX8I8idjYCSg=
11,-10,iypAVaSGjPD0u/pJWKhWT6bYeqg=,0Ijp2bqB45SuWEZN2aExM5ExPCY=
12,-7,iypAVaSGjPD0u/pJWKhWT6bYeqg=,m/H0vmaHVXO2Jh0fX8I8idjYCSg=
8,-8,iypAVaSGjPD0u/pJWKhWT6bYeqg=,m/H0vmaHVXO2Jh0fX8I8idjYCSg=
11,-6,iypAVaSGjPD0u/pJWKhWT6bYeqg=,m/H0vmaHVXO2Jh0fX8I8idjYCSg=
9,-8,iypAVaSGjPD0u/pJWKhWT6bYeqg=,m/H0vmaHVXO2Jh0fX8I8idjYCSg=
9,-10,iypAVaSGjPD0u/pJWKhWT6bYeqg=,0Ijp2bqB45SuWEZN2aExM5ExPCY=
8,-10,iypAVaSGjPD0u/pJWKhWT6bYeqg=,0Ijp2bqB45SuWEZN2aExM5ExPCY=
3,-5,iypAVaSGjPD0u/pJWKhWT6bYeqg=,6qzLtdNgzgkcfu00bI4O1CVI19M=
10,-8,iypAVaSGjPD0u/pJWKhWT6bYeqg=,m/H0vmaHVXO2Jh0fX8I8idjYCSg=
10,-11,iypAVaSGjPD0u/pJWKhWT6bYeqg=,0Ijp2bqB45SuWEZN2aExM5ExPCY=
8,-7,iypAVaSGjPD0u/pJWKhWT6bYeqg=,m/H0vmaHVXO2Jh0fX8I8idjYCSg=
7,-6,iypAVaSGjPD0u/pJWKhWT6bYeqg=,6qzLtdNgzgkcfu00bI4O1CVI19M=
4,-5,iypAVaSGjPD0u/pJWKhWT6bYeqg=,6qzLtdNgzgkcfu00bI4O1CVI19M=
9,-11,iypAVaSGjPD0u/pJWKhWT6bYeqg=,0Ijp2bqB45SuWEZN2aExM5ExPCY=
10,-4,iypAVaSGjPD0u/pJWKhWT6bYeqg=,m/H0vmaHVXO2Jh0fX8I8idjYCSg=
5,-5,iypAVaSGjPD0u/pJWKhWT6bYeqg=,6qzLtdNgzgkcfu00bI4O1CVI19M=
9,-4,iypAVaSGjPD0u/pJWKhWT6bYeqg=,m/H0vmaHVXO2Jh0fX8I8idjYCSg=
6,-5,iypAVaSGjPD0u/pJWKhWT6bYeqg=,6qzLtdNgzgkcfu00bI4O1CVI19M=
6,-6,iypAVaSGjPD0u/pJWKhWT6bYeqg=,6qzLtdNgzgkcfu00bI4O1CVI19M=
8,-11,iypAVaSGjPD0u/pJWKhWT6bYeqg=,0Ijp2bqB45SuWEZN2aExM5ExPCY=
7,-5,iypAVaSGjPD0u/pJWKhWT6bYeqg=,6qzLtdNgzgkcfu00bI4O1CVI19M=
4,-6,iypAVaSGjPD0u/pJWKhWT6bYeqg=,6qzLtdNgzgkcfu00bI4O1CVI19M=
3,-6,iypAVaSGjPD0u/pJWKhWT6bYeqg=,6qzLtdNgzgkcfu00bI4O1CVI19M=
7,-4,iypAVaSGjPD0u/pJWKhWT6bYeqg=,6qzLtdNgzgkcfu00bI4O1CVI19M=
7,-7,iypAVaSGjPD0u/pJWKhWT6bYeqg=,6qzLtdNgzgkcfu00bI4O1CVI19M=
6,-4,iypAVaSGjPD0u/pJWKhWT6bYeqg=,6qzLtdNgzgkcfu00bI4O1CVI19M=
9,-7,iypAVaSGjPD0u/pJWKhWT6bYeqg=,m/H0vmaHVXO2Jh0fX8I8idjYCSg=
6,-7,iypAVaSGjPD0u/pJWKhWT6bYeqg=,6qzLtdNgzgkcfu00bI4O1CVI19M=
4,-7,iypAVaSGjPD0u/pJWKhWT6bYeqg=,6qzLtdNgzgkcfu00bI4O1CVI19M=
3,-7,iypAVaSGjPD0u/pJWKhWT6bYeqg=,6qzLtdNgzgkcfu00bI4O1CVI19M=
7,-8,iypAVaSGjPD0u/pJWKhWT6bYeqg=,6qzLtdNgzgkcfu00bI4O1CVI19M=
5,-7,iypAVaSGjPD0u/pJWKhWT6bYeqg=,6qzLtdNgzgkcfu00bI4O1CVI19M=
5,-8,iypAVaSGjPD0u/pJWKhWT6bYeqg=,6qzLtdNgzgkcfu00bI4O1CVI19M=
6,-8,iypAVaSGjPD0u/pJWKhWT6bYeqg=,6qzLtdNgzgkcfu00bI4O1CVI19M=
4,-8,iypAVaSGjPD0u/pJWKhWT6bYeqg=,6qzLtdNgzgkcfu00bI4O1CVI19M=
10,-7,iypAVaSGjPD0u/pJWKhWT6bYeqg=,m/H0vmaHVXO2Jh0fX8I8idjYCSg=
3,-8,iypAVaSGjPD0u/pJWKhWT6bYeqg=,6qzLtdNgzgkcfu00bI4O1CVI19M=
7,-9,iypAVaSGjPD0u/pJWKhWT6bYeqg=,TLrgV511ktj/V3xG40Hm/GakKi8=
8,-9,iypAVaSGjPD0u/pJWKhWT6bYeqg=,0Ijp2bqB45SuWEZN2aExM5ExPCY=
10,-9,iypAVaSGjPD0u/pJWKhWT6bYeqg=,0Ijp2bqB45SuWEZN2aExM5ExPCY=
3,-4,iypAVaSGjPD0u/pJWKhWT6bYeqg=,6qzLtdNgzgkcfu00bI4O1CVI19M=
10,-10,iypAVaSGjPD0u/pJWKhWT6bYeqg=,0Ijp2bqB45SuWEZN2aExM5ExPCY=
8,-4,iypAVaSGjPD0u/pJWKhWT6bYeqg=,m/H0vmaHVXO2Jh0fX8I8idjYCSg=
4,-4,iypAVaSGjPD0u/pJWKhWT6bYeqg=,6qzLtdNgzgkcfu00bI4O1CVI19M=
9,-9,iypAVaSGjPD0u/pJWKhWT6bYeqg=,0Ijp2bqB45SuWEZN2aExM5ExPCY=
5,-9,iypAVaSGjPD0u/pJWKhWT6bYeqg=,TLrgV511ktj/V3xG40Hm/GakKi8=
7,-10,iypAVaSGjPD0u/pJWKhWT6bYeqg=,TLrgV511ktj/V3xG40Hm/GakKi8=
5,-4,iypAVaSGjPD0u/pJWKhWT6bYeqg=,6qzLtdNgzgkcfu00bI4O1CVI19M=
6,-9,iypAVaSGjPD0u/pJWKhWT6bYeqg=,TLrgV511ktj/V3xG40Hm/GakKi8=
10,-5,iypAVaSGjPD0u/pJWKhWT6bYeqg=,m/H0vmaHVXO2Jh0fX8I8idjYCSg=
9,-5,iypAVaSGjPD0u/pJWKhWT6bYeqg=,m/H0vmaHVXO2Jh0fX8I8idjYCSg=
3,-9,iypAVaSGjPD0u/pJWKhWT6bYeqg=,TLrgV511ktj/V3xG40Hm/GakKi8=
4,-10,iypAVaSGjPD0u/pJWKhWT6bYeqg=,TLrgV511ktj/V3xG40Hm/GakKi8=
6,-10,iypAVaSGjPD0u/pJWKhWT6bYeqg=,TLrgV511ktj/V3xG40Hm/GakKi8=
5,-10,iypAVaSGjPD0u/pJWKhWT6bYeqg=,TLrgV511ktj/V3xG40Hm/GakKi8=
8,-5,iypAVaSGjPD0u/pJWKhWT6bYeqg=,m/H0vmaHVXO2Jh0fX8I8idjYCSg=
4,-11,iypAVaSGjPD0u/pJWKhWT6bYeqg=,TLrgV511ktj/V3xG40Hm/GakKi8=
8,-6,iypAVaSGjPD0u/pJWKhWT6bYeqg=,m/H0vmaHVXO2Jh0fX8I8idjYCSg=
3,-10,iypAVaSGjPD0u/pJWKhWT6bYeqg=,TLrgV511ktj/V3xG40Hm/GakKi8=
5,-6,iypAVaSGjPD0u/pJWKhWT6bYeqg=,6qzLtdNgzgkcfu00bI4O1CVI19M=
10,-6,iypAVaSGjPD0u/pJWKhWT6bYeqg=,m/H0vmaHVXO2Jh0fX8I8idjYCSg=
7,-11,iypAVaSGjPD0u/pJWKhWT6bYeqg=,TLrgV511ktj/V3xG40Hm/GakKi8=
9,-6,iypAVaSGjPD0u/pJWKhWT6bYeqg=,m/H0vmaHVXO2Jh0fX8I8idjYCSg=
6,-11,iypAVaSGjPD0u/pJWKhWT6bYeqg=,TLrgV511ktj/V3xG40Hm/GakKi8=
3,-11,iypAVaSGjPD0u/pJWKhWT6bYeqg=,TLrgV511ktj/V3xG40Hm/GakKi8=
4,-9,iypAVaSGjPD0u/pJWKhWT6bYeqg=,TLrgV511ktj/V3xG40Hm/GakKi8=
5,-11,iypAVaSGjPD0u/pJWKhWT6bYeqg=,TLrgV511ktj/V3xG40Hm/GakKi8=
4,-3,WtS39jtxaN114Fazu0hjlf5Vwew=,6qzLtdNgzgkcfu00bI4O1CVI19M=
3,-2,WtS39jtxaN114Fazu0hjlf5Vwew=,6qzLtdNgzgkcfu00bI4O1CVI19M=
4,-2,WtS39jtxaN114Fazu0hjlf5Vwew=,6qzLtdNgzgkcfu00bI4O1CVI19M=
4,-1,WtS39jtxaN114Fazu0hjlf5Vwew=,6qzLtdNgzgkcfu00bI4O1CVI19M=
3,-1,WtS39jtxaN114Fazu0hjlf5Vwew=,6qzLtdNgzgkcfu00bI4O1CVI19M=
3,-3,WtS39jtxaN114Fazu0hjlf5Vwew=,6qzLtdNgzgkcfu00bI4O1CVI19M=
13,-13,WtS39jtxaN114Fazu0hjlf5Vwew=,0Ijp2bqB45SuWEZN2aExM5ExPCY=
14,-13,WtS39jtxaN114Fazu0hjlf5Vwew=,0Ijp2bqB45SuWEZN2aExM5ExPCY=
15,-13,WtS39jtxaN114Fazu0hjlf5Vwew=,0Ijp2bqB45SuWEZN2aExM5ExPCY=
13,-8,WtS39jtxaN114Fazu0hjlf5Vwew=,m/H0vmaHVXO2Jh0fX8I8idjYCSg=
14,-8,WtS39jtxaN114Fazu0hjlf5Vwew=,m/H0vmaHVXO2Jh0fX8I8idjYCSg=
15,-8,WtS39jtxaN114Fazu0hjlf5Vwew=,m/H0vmaHVXO2Jh0fX8I8idjYCSg=
13,-7,WtS39jtxaN114Fazu0hjlf5Vwew=,m/H0vmaHVXO2Jh0fX8I8idjYCSg=
14,-7,WtS39jtxaN114Fazu0hjlf5Vwew=,m/H0vmaHVXO2Jh0fX8I8idjYCSg=
15,-7,WtS39jtxaN114Fazu0hjlf5Vwew=,m/H0vmaHVXO2Jh0fX8I8idjYCSg=
13,-6,WtS39jtxaN114Fazu0hjlf5Vwew=,m/H0vmaHVXO2Jh0fX8I8idjYCSg=
13,-12,WtS39jtxaN114Fazu0hjlf5Vwew=,0Ijp2bqB45SuWEZN2aExM5ExPCY=
14,-6,WtS39jtxaN114Fazu0hjlf5Vwew=,m/H0vmaHVXO2Jh0fX8I8idjYCSg=
15,-6,WtS39jtxaN114Fazu0hjlf5Vwew=,m/H0vmaHVXO2Jh0fX8I8idjYCSg=
14,-12,WtS39jtxaN114Fazu0hjlf5Vwew=,0Ijp2bqB45SuWEZN2aExM5ExPCY=
15,-4,WtS39jtxaN114Fazu0hjlf5Vwew=,m/H0vmaHVXO2Jh0fX8I8idjYCSg=
15,-12,WtS39jtxaN114Fazu0hjlf5Vwew=,0Ijp2bqB45SuWEZN2aExM5ExPCY=
13,-5,WtS39jtxaN114Fazu0hjlf5Vwew=,m/H0vmaHVXO2Jh0fX8I8idjYCSg=
14,-5,WtS39jtxaN114Fazu0hjlf5Vwew=,m/H0vmaHVXO2Jh0fX8I8idjYCSg=
15,-5,WtS39jtxaN114Fazu0hjlf5Vwew=,m/H0vmaHVXO2Jh0fX8I8idjYCSg=
13,-10,WtS39jtxaN114Fazu0hjlf5Vwew=,0Ijp2bqB45SuWEZN2aExM5ExPCY=
14,-10,WtS39jtxaN114Fazu0hjlf5Vwew=,0Ijp2bqB45SuWEZN2aExM5ExPCY=
15,-10,WtS39jtxaN114Fazu0hjlf5Vwew=,0Ijp2bqB45SuWEZN2aExM5ExPCY=
13,-9,WtS39jtxaN114Fazu0hjlf5Vwew=,0Ijp2bqB45SuWEZN2aExM5ExPCY=
14,-9,WtS39jtxaN114Fazu0hjlf5Vwew=,0Ijp2bqB45SuWEZN2aExM5ExPCY=
15,-9,WtS39jtxaN114Fazu0hjlf5Vwew=,0Ijp2bqB45SuWEZN2aExM5ExPCY=
13,-11,WtS39jtxaN114Fazu0hjlf5Vwew=,0Ijp2bqB45SuWEZN2aExM5ExPCY=
14,-11,WtS39jtxaN114Fazu0hjlf5Vwew=,0Ijp2bqB45SuWEZN2aExM5ExPCY=
15,-11,WtS39jtxaN114Fazu0hjlf5Vwew=,0Ijp2bqB45SuWEZN2aExM5ExPCY=
13,-4,WtS39jtxaN114Fazu0hjlf5Vwew=,m/H0vmaHVXO2Jh0fX8I8idjYCSg=
14,-4,WtS39jtxaN114Fazu0hjlf5Vwew=,m/H0vmaHVXO2Jh0fX8I8idjYCSg=
10,-3,WtS39jtxaN114Fazu0hjlf5Vwew=,m/H0vmaHVXO2Jh0fX8I8idjYCSg=
8,-3,WtS39jtxaN114Fazu0hjlf5Vwew=,m/H0vmaHVXO2Jh0fX8I8idjYCSg=
9,-3,WtS39jtxaN114Fazu0hjlf5Vwew=,m/H0vmaHVXO2Jh0fX8I8idjYCSg=
11,-3,WtS39jtxaN114Fazu0hjlf5Vwew=,m/H0vmaHVXO2Jh0fX8I8idjYCSg=
7,-1,WtS39jtxaN114Fazu0hjlf5Vwew=,6qzLtdNgzgkcfu00bI4O1CVI19M=
6,-1,WtS39jtxaN114Fazu0hjlf5Vwew=,6qzLtdNgzgkcfu00bI4O1CVI19M=
5,-2,WtS39jtxaN114Fazu0hjlf5Vwew=,6qzLtdNgzgkcfu00bI4O1CVI19M=
7,-2,WtS39jtxaN114Fazu0hjlf5Vwew=,6qzLtdNgzgkcfu00bI4O1CVI19M=
6,-2,WtS39jtxaN114Fazu0hjlf5Vwew=,6qzLtdNgzgkcfu00bI4O1CVI19M=
5,-1,WtS39jtxaN114Fazu0hjlf5Vwew=,6qzLtdNgzgkcfu00bI4O1CVI19M=
12,-1,WtS39jtxaN114Fazu0hjlf5Vwew=,m/H0vmaHVXO2Jh0fX8I8idjYCSg=
11,-1,WtS39jtxaN114Fazu0hjlf5Vwew=,m/H0vmaHVXO2Jh0fX8I8idjYCSg=
7,-3,WtS39jtxaN114Fazu0hjlf5Vwew=,6qzLtdNgzgkcfu00bI4O1CVI19M=
5,-3,WtS39jtxaN114Fazu0hjlf5Vwew=,6qzLtdNgzgkcfu00bI4O1CVI19M=
6,-3,WtS39jtxaN114Fazu0hjlf5Vwew=,6qzLtdNgzgkcfu00bI4O1CVI19M=
10,-1,WtS39jtxaN114Fazu0hjlf5Vwew=,m/H0vmaHVXO2Jh0fX8I8idjYCSg=
9,-1,WtS39jtxaN114Fazu0hjlf5Vwew=,m/H0vmaHVXO2Jh0fX8I8idjYCSg=
8,-1,WtS39jtxaN114Fazu0hjlf5Vwew=,m/H0vmaHVXO2Jh0fX8I8idjYCSg=
11,-2,WtS39jtxaN114Fazu0hjlf5Vwew=,m/H0vmaHVXO2Jh0fX8I8idjYCSg=
10,-2,WtS39jtxaN114Fazu0hjlf5Vwew=,m/H0vmaHVXO2Jh0fX8I8idjYCSg=
12,-2,WtS39jtxaN114Fazu0hjlf5Vwew=,m/H0vmaHVXO2Jh0fX8I8idjYCSg=
8,-2,WtS39jtxaN114Fazu0hjlf5Vwew=,m/H0vmaHVXO2Jh0fX8I8idjYCSg=
12,-3,WtS39jtxaN114Fazu0hjlf5Vwew=,m/H0vmaHVXO2Jh0fX8I8idjYCSg=
9,-2,WtS39jtxaN114Fazu0hjlf5Vwew=,m/H0vmaHVXO2Jh0fX8I8idjYCSg=
11,-15,WtS39jtxaN114Fazu0hjlf5Vwew=,0Ijp2bqB45SuWEZN2aExM5ExPCY=
12,-16,WtS39jtxaN114Fazu0hjlf5Vwew=,0Ijp2bqB45SuWEZN2aExM5ExPCY=
11,-16,WtS39jtxaN114Fazu0hjlf5Vwew=,0Ijp2bqB45SuWEZN2aExM5ExPCY=
12,-14,WtS39jtxaN114Fazu0hjlf5Vwew=,0Ijp2bqB45SuWEZN2aExM5ExPCY=
12,-15,WtS39jtxaN114Fazu0hjlf5Vwew=,0Ijp2bqB45SuWEZN2aExM5ExPCY=
11,-14,WtS39jtxaN114Fazu0hjlf5Vwew=,0Ijp2bqB45SuWEZN2aExM5ExPCY=
13,-15,WtS39jtxaN114Fazu0hjlf5Vwew=,0Ijp2bqB45SuWEZN2aExM5ExPCY=
15,-16,WtS39jtxaN114Fazu0hjlf5Vwew=,0Ijp2bqB45SuWEZN2aExM5ExPCY=
15,-15,WtS39jtxaN114Fazu0hjlf5Vwew=,0Ijp2bqB45SuWEZN2aExM5ExPCY=
14,-15,WtS39jtxaN114Fazu0hjlf5Vwew=,0Ijp2bqB45SuWEZN2aExM5ExPCY=
15,-14,WtS39jtxaN114Fazu0hjlf5Vwew=,0Ijp2bqB45SuWEZN2aExM5ExPCY=
14,-16,WtS39jtxaN114Fazu0hjlf5Vwew=,0Ijp2bqB45SuWEZN2aExM5ExPCY=
13,-14,WtS39jtxaN114Fazu0hjlf5Vwew=,0Ijp2bqB45SuWEZN2aExM5ExPCY=
13,-16,WtS39jtxaN114Fazu0hjlf5Vwew=,0Ijp2bqB45SuWEZN2aExM5ExPCY=
14,-14,WtS39jtxaN114Fazu0hjlf5Vwew=,0Ijp2bqB45SuWEZN2aExM5ExPCY=
7,-15,WtS39jtxaN114Fazu0hjlf5Vwew=,TLrgV511ktj/V3xG40Hm/GakKi8=
6,-15,WtS39jtxaN114Fazu0hjlf5Vwew=,TLrgV511ktj/V3xG40Hm/GakKi8=
3,-15,WtS39jtxaN114Fazu0hjlf5Vwew=,TLrgV511ktj/V3xG40Hm/GakKi8=
7,-14,WtS39jtxaN114Fazu0hjlf5Vwew=,TLrgV511ktj/V3xG40Hm/GakKi8=
8,-14,WtS39jtxaN114Fazu0hjlf5Vwew=,0Ijp2bqB45SuWEZN2aExM5ExPCY=
4,-15,WtS39jtxaN114Fazu0hjlf5Vwew=,TLrgV511ktj/V3xG40Hm/GakKi8=
6,-14,WtS39jtxaN114Fazu0hjlf5Vwew=,TLrgV511ktj/V3xG40Hm/GakKi8=
5,-14,WtS39jtxaN114Fazu0hjlf5Vwew=,TLrgV511ktj/V3xG40Hm/GakKi8=
8,-16,WtS39jtxaN114Fazu0hjlf5Vwew=,0Ijp2bqB45SuWEZN2aExM5ExPCY=
8,-15,WtS39jtxaN114Fazu0hjlf5Vwew=,0Ijp2bqB45SuWEZN2aExM5ExPCY=
7,-16,WtS39jtxaN114Fazu0hjlf5Vwew=,TLrgV511ktj/V3xG40Hm/GakKi8=
9,-16,WtS39jtxaN114Fazu0hjlf5Vwew=,0Ijp2bqB45SuWEZN2aExM5ExPCY=
3,-14,WtS39jtxaN114Fazu0hjlf5Vwew=,TLrgV511ktj/V3xG40Hm/GakKi8=
6,-16,WtS39jtxaN114Fazu0hjlf5Vwew=,TLrgV511ktj/V3xG40Hm/GakKi8=
10,-16,WtS39jtxaN114Fazu0hjlf5Vwew=,0Ijp2bqB45SuWEZN2aExM5ExPCY=
10,-14,WtS39jtxaN114Fazu0hjlf5Vwew=,0Ijp2bqB45SuWEZN2aExM5ExPCY=
4,-16,WtS39jtxaN114Fazu0hjlf5Vwew=,TLrgV511ktj/V3xG40Hm/GakKi8=
5,-15,WtS39jtxaN114Fazu0hjlf5Vwew=,TLrgV511ktj/V3xG40Hm/GakKi8=
3,-16,WtS39jtxaN114Fazu0hjlf5Vwew=,TLrgV511ktj/V3xG40Hm/GakKi8=
9,-14,WtS39jtxaN114Fazu0hjlf5Vwew=,0Ijp2bqB45SuWEZN2aExM5ExPCY=
5,-16,WtS39jtxaN114Fazu0hjlf5Vwew=,TLrgV511ktj/V3xG40Hm/GakKi8=
10,-15,WtS39jtxaN114Fazu0hjlf5Vwew=,0Ijp2bqB45SuWEZN2aExM5ExPCY=
9,-15,WtS39jtxaN114Fazu0hjlf5Vwew=,0Ijp2bqB45SuWEZN2aExM5ExPCY=
4,-14,WtS39jtxaN114Fazu0hjlf5Vwew=,TLrgV511ktj/V3xG40Hm/GakKi8=
13,-3,WtS39jtxaN114Fazu0hjlf5Vwew=,m/H0vmaHVXO2Jh0fX8I8idjYCSg=
14,-3,WtS39jtxaN114Fazu0hjlf5Vwew=,m/H0vmaHVXO2Jh0fX8I8idjYCSg=
15,-3,WtS39jtxaN114Fazu0hjlf5Vwew=,m/H0vmaHVXO2Jh0fX8I8idjYCSg=
15,-1,WtS39jtxaN114Fazu0hjlf5Vwew=,m/H0vmaHVXO2Jh0fX8I8idjYCSg=
13,-2,WtS39jtxaN114Fazu0hjlf5Vwew=,m/H0vmaHVXO2Jh0fX8I8idjYCSg=
14,-2,WtS39jtxaN114Fazu0hjlf5Vwew=,m/H0vmaHVXO2Jh0fX8I8idjYCSg=
14,-1,WtS39jtxaN114Fazu0hjlf5Vwew=,m/H0vmaHVXO2Jh0fX8I8idjYCSg=
15,-2,WtS39jtxaN114Fazu0hjlf5Vwew=,m/H0vmaHVXO2Jh0fX8I8idjYCSg=
13,-1,WtS39jtxaN114Fazu0hjlf5Vwew=,m/H0vmaHVXO2Jh0fX8I8idjYCSg=
0,-4,oDxacF2aS4/j9DWZt/ZnGohgwZE=,6qzLtdNgzgkcfu00bI4O1CVI19M=
2,-3,oDxacF2aS4/j9DWZt/ZnGohgwZE=,6qzLtdNgzgkcfu00bI4O1CVI19M=
2,-1,oDxacF2aS4/j9DWZt/ZnGohgwZE=,6qzLtdNgzgkcfu00bI4O1CVI19M=
1,-5,oDxacF2aS4/j9DWZt/ZnGohgwZE=,6qzLtdNgzgkcfu00bI4O1CVI19M=
0,-1,oDxacF2aS4/j9DWZt/ZnGohgwZE=,6qzLtdNgzgkcfu00bI4O1CVI19M=
1,-1,oDxacF2aS4/j9DWZt/ZnGohgwZE=,6qzLtdNgzgkcfu00bI4O1CVI19M=
0,-5,oDxacF2aS4/j9DWZt/ZnGohgwZE=,6qzLtdNgzgkcfu00bI4O1CVI19M=
2,-5,oDxacF2aS4/j9DWZt/ZnGohgwZE=,6qzLtdNgzgkcfu00bI4O1CVI19M=
1,-3,oDxacF2aS4/j9DWZt/ZnGohgwZE=,6qzLtdNgzgkcfu00bI4O1CVI19M=
2,-2,oDxacF2aS4/j9DWZt/ZnGohgwZE=,6qzLtdNgzgkcfu00bI4O1CVI19M=
1,-4,oDxacF2aS4/j9DWZt/ZnGohgwZE=,6qzLtdNgzgkcfu00bI4O1CVI19M=
2,-4,oDxacF2aS4/j9DWZt/ZnGohgwZE=,6qzLtdNgzgkcfu00bI4O1CVI19M=
0,-2,oDxacF2aS4/j9DWZt/ZnGohgwZE=,6qzLtdNgzgkcfu00bI4O1CVI19M=
1,-2,oDxacF2aS4/j9DWZt/ZnGohgwZE=,6qzLtdNgzgkcfu00bI4O1CVI19M=
0,-3,oDxacF2aS4/j9DWZt/ZnGohgwZE=,6qzLtdNgzgkcfu00bI4O1CVI19M=
1,-13,oDxacF2aS4/j9DWZt/ZnGohgwZE=,TLrgV511ktj/V3xG40Hm/GakKi8=
2,-6,oDxacF2aS4/j9DWZt/ZnGohgwZE=,6qzLtdNgzgkcfu00bI4O1CVI19M=
2,-15,oDxacF2aS4/j9DWZt/ZnGohgwZE=,TLrgV511ktj/V3xG40Hm/GakKi8=
1,-15,oDxacF2aS4/j9DWZt/ZnGohgwZE=,TLrgV511ktj/V3xG40Hm/GakKi8=
0,-15,oDxacF2aS4/j9DWZt/ZnGohgwZE=,TLrgV511ktj/V3xG40Hm/GakKi8=
1,-6,oDxacF2aS4/j9DWZt/ZnGohgwZE=,6qzLtdNgzgkcfu00bI4O1CVI19M=
0,-13,oDxacF2aS4/j9DWZt/ZnGohgwZE=,TLrgV511ktj/V3xG40Hm/GakKi8=
1,-14,oDxacF2aS4/j9DWZt/ZnGohgwZE=,TLrgV511ktj/V3xG40Hm/GakKi8=
2,-7,oDxacF2aS4/j9DWZt/ZnGohgwZE=,6qzLtdNgzgkcfu00bI4O1CVI19M=
0,-6,oDxacF2aS4/j9DWZt/ZnGohgwZE=,6qzLtdNgzgkcfu00bI4O1CVI19M=
0,-12,oDxacF2aS4/j9DWZt/ZnGohgwZE=,TLrgV511ktj/V3xG40Hm/GakKi8=
2,-13,oDxacF2aS4/j9DWZt/ZnGohgwZE=,TLrgV511ktj/V3xG40Hm/GakKi8=
0,-14,oDxacF2aS4/j9DWZt/ZnGohgwZE=,TLrgV511ktj/V3xG40Hm/GakKi8=
2,-14,oDxacF2aS4/j9DWZt/ZnGohgwZE=,TLrgV511ktj/V3xG40Hm/GakKi8=
1,-7,oDxacF2aS4/j9DWZt/ZnGohgwZE=,6qzLtdNgzgkcfu00bI4O1CVI19M=
2,-8,oDxacF2aS4/j9DWZt/ZnGohgwZE=,6qzLtdNgzgkcfu00bI4O1CVI19M=
0,-16,oDxacF2aS4/j9DWZt/ZnGohgwZE=,TLrgV511ktj/V3xG40Hm/GakKi8=
0,-7,oDxacF2aS4/j9DWZt/ZnGohgwZE=,6qzLtdNgzgkcfu00bI4O1CVI19M=
2,-16,oDxacF2aS4/j9DWZt/ZnGohgwZE=,TLrgV511ktj/V3xG40Hm/GakKi8=
1,-12,oDxacF2aS4/j9DWZt/ZnGohgwZE=,TLrgV511ktj/V3xG40Hm/GakKi8=
1,-16,oDxacF2aS4/j9DWZt/ZnGohgwZE=,TLrgV511ktj/V3xG40Hm/GakKi8=
0,-8,oDxacF2aS4/j9DWZt/ZnGohgwZE=,6qzLtdNgzgkcfu00bI4O1CVI19M=
1,-8,oDxacF2aS4/j9DWZt/ZnGohgwZE=,6qzLtdNgzgkcfu00bI4O1CVI19M=
1,-9,oDxacF2aS4/j9DWZt/ZnGohgwZE=,TLrgV511ktj/V3xG40Hm/GakKi8=
0,-9,oDxacF2aS4/j9DWZt/ZnGohgwZE=,TLrgV511ktj/V3xG40Hm/GakKi8=
2,-9,oDxacF2aS4/j9DWZt/ZnGohgwZE=,TLrgV511ktj/V3xG40Hm/GakKi8=
2,-12,oDxacF2aS4/j9DWZt/ZnGohgwZE=,TLrgV511ktj/V3xG40Hm/GakKi8=
1,-11,oDxacF2aS4/j9DWZt/ZnGohgwZE=,TLrgV511ktj/V3xG40Hm/GakKi8=
1,-10,oDxacF2aS4/j9DWZt/ZnGohgwZE=,TLrgV511ktj/V3xG40Hm/GakKi8=
2,-10,oDxacF2aS4/j9DWZt/ZnGohgwZE=,TLrgV511ktj/V3xG40Hm/GakKi8=
0,-10,oDxacF2aS4/j9DWZt/ZnGohgwZE=,TLrgV511ktj/V3xG40Hm/GakKi8=
0,-11,oDxacF2aS4/j9DWZt/ZnGohgwZE=,TLrgV511ktj/V3xG40Hm/GakKi8=
2,-11,oDxacF2aS4/j9DWZt/ZnGohgwZE=,TLrgV511ktj/V3xG40Hm/GakKi8=
11,-22,h9QaUjyNupFO5aw3r//jKe+o9Ug=,UaEbM5w1rgyFOkZjRcRyem18/Lo=
12,-22,h9QaUjyNupFO5aw3r//jKe+o9Ug=,UaEbM5w1rgyFOkZjRcRyem18/Lo=
11,-21,h9QaUjyNupFO5aw3r//jKe+o9Ug=,UaEbM5w1rgyFOkZjRcRyem18/Lo=
12,-21,h9QaUjyNupFO5aw3r//jKe+o9Ug=,UaEbM5w1rgyFOkZjRcRyem18/Lo=
11,-24,h9QaUjyNupFO5aw3r//jKe+o9Ug=,UaEbM5w1rgyFOkZjRcRyem18/Lo=
12,-24,h9QaUjyNupFO5aw3r//jKe+o9Ug=,UaEbM5w1rgyFOkZjRcRyem18/Lo=
11,-23,h9QaUjyNupFO5aw3r//jKe+o9Ug=,UaEbM5w1rgyFOkZjRcRyem18/Lo=
11,-20,h9QaUjyNupFO5aw3r//jKe+o9Ug=,UaEbM5w1rgyFOkZjRcRyem18/Lo=
12,-23,h9QaUjyNupFO5aw3r//jKe+o9Ug=,UaEbM5w1rgyFOkZjRcRyem18/Lo=
12,-20,h9QaUjyNupFO5aw3r//jKe+o9Ug=,UaEbM5w1rgyFOkZjRcRyem18/Lo=
8,-22,h9QaUjyNupFO5aw3r//jKe+o9Ug=,UaEbM5w1rgyFOkZjRcRyem18/Lo=
9,-22,h9QaUjyNupFO5aw3r//jKe+o9Ug=,UaEbM5w1rgyFOkZjRcRyem18/Lo=
3,-24,h9QaUjyNupFO5aw3r//jKe+o9Ug=,DlwIWE1rcjrcdcCFQnYhOsD7BKM=
4,-24,h9QaUjyNupFO5aw3r//jKe+o9Ug=,DlwIWE1rcjrcdcCFQnYhOsD7BKM=
8,-23,h9QaUjyNupFO5aw3r//jKe+o9Ug=,UaEbM5w1rgyFOkZjRcRyem18/Lo=
9,-23,h9QaUjyNupFO5aw3r//jKe+o9Ug=,UaEbM5w1rgyFOkZjRcRyem18/Lo=
10,-22,h9QaUjyNupFO5aw3r//jKe+o9Ug=,UaEbM5w1rgyFOkZjRcRyem18/Lo=
5,-24,h9QaUjyNupFO5aw3r//jKe+o9Ug=,DlwIWE1rcjrcdcCFQnYhOsD7BKM=
3,-23,h9QaUjyNupFO5aw3r//jKe+o9Ug=,DlwIWE1rcjrcdcCFQnYhOsD7BKM=
3,-21,h9QaUjyNupFO5aw3r//jKe+o9Ug=,DlwIWE1rcjrcdcCFQnYhOsD7BKM=
4,-21,h9QaUjyNupFO5aw3r//jKe+o9Ug=,DlwIWE1rcjrcdcCFQnYhOsD7BKM=
6,-24,h9QaUjyNupFO5aw3r//jKe+o9Ug=,DlwIWE1rcjrcdcCFQnYhOsD7BKM=
5,-21,h9QaUjyNupFO5aw3r//jKe+o9Ug=,DlwIWE1rcjrcdcCFQnYhOsD7BKM=
3,-22,h9QaUjyNupFO5aw3r//jKe+o9Ug=,DlwIWE1rcjrcdcCFQnYhOsD7BKM=
4,-23,h9QaUjyNupFO5aw3r//jKe+o9Ug=,DlwIWE1rcjrcdcCFQnYhOsD7BKM=
0,-24,h9QaUjyNupFO5aw3r//jKe+o9Ug=,DlwIWE1rcjrcdcCFQnYhOsD7BKM=
1,-23,h9QaUjyNupFO5aw3r//jKe+o9Ug=,DlwIWE1rcjrcdcCFQnYhOsD7BKM=
2,-23,h9QaUjyNupFO5aw3r//jKe+o9Ug=,DlwIWE1rcjrcdcCFQnYhOsD7BKM=
1,-24,h9QaUjyNupFO5aw3r//jKe+o9Ug=,DlwIWE1rcjrcdcCFQnYhOsD7BKM=
2,-24,h9QaUjyNupFO5aw3r//jKe+o9Ug=,DlwIWE1rcjrcdcCFQnYhOsD7BKM=
2,-22,h9QaUjyNupFO5aw3r//jKe+o9Ug=,DlwIWE1rcjrcdcCFQnYhOsD7BKM=
0,-23,h9QaUjyNupFO5aw3r//jKe+o9Ug=,DlwIWE1rcjrcdcCFQnYhOsD7BKM=
0,-21,h9QaUjyNupFO5aw3r//jKe+o9Ug=,DlwIWE1rcjrcdcCFQnYhOsD7BKM=
0,-20,h9QaUjyNupFO5aw3r//jKe+o9Ug=,DlwIWE1rcjrcdcCFQnYhOsD7BKM=
1,-21,h9QaUjyNupFO5aw3r//jKe+o9Ug=,DlwIWE1rcjrcdcCFQnYhOsD7BKM=
2,-21,h9QaUjyNupFO5aw3r//jKe+o9Ug=,DlwIWE1rcjrcdcCFQnYhOsD7BKM=
1,-20,h9QaUjyNupFO5aw3r//jKe+o9Ug=,DlwIWE1rcjrcdcCFQnYhOsD7BKM=
2,-20,h9QaUjyNupFO5aw3r//jKe+o9Ug=,DlwIWE1rcjrcdcCFQnYhOsD7BKM=
0,-22,h9QaUjyNupFO5aw3r//jKe+o9Ug=,DlwIWE1rcjrcdcCFQnYhOsD7BKM=
1,-22,h9QaUjyNupFO5aw3r//jKe+o9Ug=,DlwIWE1rcjrcdcCFQnYhOsD7BKM=
5,-23,h9QaUjyNupFO5aw3r//jKe+o9Ug=,DlwIWE1rcjrcdcCFQnYhOsD7BKM=
6,-23,h9QaUjyNupFO5aw3r//jKe+o9Ug=,DlwIWE1rcjrcdcCFQnYhOsD7BKM=
7,-24,h9QaUjyNupFO5aw3r//jKe+o9Ug=,DlwIWE1rcjrcdcCFQnYhOsD7BKM=
8,-24,h9QaUjyNupFO5aw3r//jKe+o9Ug=,UaEbM5w1rgyFOkZjRcRyem18/Lo=
4,-22,h9QaUjyNupFO5aw3r//jKe+o9Ug=,DlwIWE1rcjrcdcCFQnYhOsD7BKM=
8,-21,h9QaUjyNupFO5aw3r//jKe+o9Ug=,UaEbM5w1rgyFOkZjRcRyem18/Lo=
9,-21,h9QaUjyNupFO5aw3r//jKe+o9Ug=,UaEbM5w1rgyFOkZjRcRyem18/Lo=
10,-21,h9QaUjyNupFO5aw3r//jKe+o9Ug=,UaEbM5w1rgyFOkZjRcRyem18/Lo=
9,-24,h9QaUjyNupFO5aw3r//jKe+o9Ug=,UaEbM5w1rgyFOkZjRcRyem18/Lo=
10,-24,h9QaUjyNupFO5aw3r//jKe+o9Ug=,UaEbM5w1rgyFOkZjRcRyem18/Lo=
5,-22,h9QaUjyNupFO5aw3r//jKe+o9Ug=,DlwIWE1rcjrcdcCFQnYhOsD7BKM=
10,-23,h9QaUjyNupFO5aw3r//jKe+o9Ug=,UaEbM5w1rgyFOkZjRcRyem18/Lo=
6,-22,h9QaUjyNupFO5aw3r//jKe+o9Ug=,DlwIWE1rcjrcdcCFQnYhOsD7BKM=
4,-20,h9QaUjyNupFO5aw3r//jKe+o9Ug=,DlwIWE1rcjrcdcCFQnYhOsD7BKM=
5,-20,h9QaUjyNupFO5aw3r//jKe+o9Ug=,DlwIWE1rcjrcdcCFQnYhOsD7BKM=
7,-22,h9QaUjyNupFO5aw3r//jKe+o9Ug=,DlwIWE1rcjrcdcCFQnYhOsD7BKM=
8,-20,h9QaUjyNupFO5aw3r//jKe+o9Ug=,UaEbM5w1rgyFOkZjRcRyem18/Lo=
9,-20,h9QaUjyNupFO5aw3r//jKe+o9Ug=,UaEbM5w1rgyFOkZjRcRyem18/Lo=
10,-20,h9QaUjyNupFO5aw3r//jKe+o9Ug=,UaEbM5w1rgyFOkZjRcRyem18/Lo=
6,-20,h9QaUjyNupFO5aw3r//jKe+o9Ug=,DlwIWE1rcjrcdcCFQnYhOsD7BKM=
7,-20,h9QaUjyNupFO5aw3r//jKe+o9Ug=,DlwIWE1rcjrcdcCFQnYhOsD7BKM=
6,-21,h9QaUjyNupFO5aw3r//jKe+o9Ug=,DlwIWE1rcjrcdcCFQnYhOsD7BKM=
7,-21,h9QaUjyNupFO5aw3r//jKe+o9Ug=,DlwIWE1rcjrcdcCFQnYhOsD7BKM=
3,-20,h9QaUjyNupFO5aw3r//jKe+o9Ug=,DlwIWE1rcjrcdcCFQnYhOsD7BKM=
7,-23,h9QaUjyNupFO5aw3r//jKe+o9Ug=,DlwIWE1rcjrcdcCFQnYhOsD7BKM=
14,-20,h9QaUjyNupFO5aw3r//jKe+o9Ug=,UaEbM5w1rgyFOkZjRcRyem18/Lo=
15,-20,h9QaUjyNupFO5aw3r//jKe+o9Ug=,UaEbM5w1rgyFOkZjRcRyem18/Lo=
13,-21,h9QaUjyNupFO5aw3r//jKe+o9Ug=,UaEbM5w1rgyFOkZjRcRyem18/Lo=
13,-20,h9QaUjyNupFO5aw3r//jKe+o9Ug=,UaEbM5w1rgyFOkZjRcRyem18/Lo=
15,-21,h9QaUjyNupFO5aw3r//jKe+o9Ug=,UaEbM5w1rgyFOkZjRcRyem18/Lo=
14,-21,h9QaUjyNupFO5aw3r//jKe+o9Ug=,UaEbM5w1rgyFOkZjRcRyem18/Lo=
3,-19,h9QaUjyNupFO5aw3r//jKe+o9Ug=,DlwIWE1rcjrcdcCFQnYhOsD7BKM=
4,-19,h9QaUjyNupFO5aw3r//jKe+o9Ug=,DlwIWE1rcjrcdcCFQnYhOsD7BKM=
3,-18,h9QaUjyNupFO5aw3r//jKe+o9Ug=,DlwIWE1rcjrcdcCFQnYhOsD7BKM=
4,-18,h9QaUjyNupFO5aw3r//jKe+o9Ug=,DlwIWE1rcjrcdcCFQnYhOsD7BKM=
3,-17,h9QaUjyNupFO5aw3r//jKe+o9Ug=,DlwIWE1rcjrcdcCFQnYhOsD7BKM=
4,-17,h9QaUjyNupFO5aw3r//jKe+o9Ug=,DlwIWE1rcjrcdcCFQnYhOsD7BKM=
12,-19,h9QaUjyNupFO5aw3r//jKe+o9Ug=,UaEbM5w1rgyFOkZjRcRyem18/Lo=
12,-17,h9QaUjyNupFO5aw3r//jKe+o9Ug=,UaEbM5w1rgyFOkZjRcRyem18/Lo=
8,-18,h9QaUjyNupFO5aw3r//jKe+o9Ug=,UaEbM5w1rgyFOkZjRcRyem18/Lo=
5,-18,h9QaUjyNupFO5aw3r//jKe+o9Ug=,DlwIWE1rcjrcdcCFQnYhOsD7BKM=
6,-18,h9QaUjyNupFO5aw3r//jKe+o9Ug=,DlwIWE1rcjrcdcCFQnYhOsD7BKM=
7,-18,h9QaUjyNupFO5aw3r//jKe+o9Ug=,DlwIWE1rcjrcdcCFQnYhOsD7BKM=
9,-18,h9QaUjyNupFO5aw3r//jKe+o9Ug=,UaEbM5w1rgyFOkZjRcRyem18/Lo=
8,-19,h9QaUjyNupFO5aw3r//jKe+o9Ug=,UaEbM5w1rgyFOkZjRcRyem18/Lo=
5,-19,h9QaUjyNupFO5aw3r//jKe+o9Ug=,DlwIWE1rcjrcdcCFQnYhOsD7BKM=
10,-18,h9QaUjyNupFO5aw3r//jKe+o9Ug=,UaEbM5w1rgyFOkZjRcRyem18/Lo=
11,-18,h9QaUjyNupFO5aw3r//jKe+o9Ug=,UaEbM5w1rgyFOkZjRcRyem18/Lo=
12,-18,h9QaUjyNupFO5aw3r//jKe+o9Ug=,UaEbM5w1rgyFOkZjRcRyem18/Lo=
5,-17,h9QaUjyNupFO5aw3r//jKe+o9Ug=,DlwIWE1rcjrcdcCFQnYhOsD7BKM=
6,-17,h9QaUjyNupFO5aw3r//jKe+o9Ug=,DlwIWE1rcjrcdcCFQnYhOsD7BKM=
9,-19,h9QaUjyNupFO5aw3r//jKe+o9Ug=,UaEbM5w1rgyFOkZjRcRyem18/Lo=
7,-17,h9QaUjyNupFO5aw3r//jKe+o9Ug=,DlwIWE1rcjrcdcCFQnYhOsD7BKM=
6,-19,h9QaUjyNupFO5aw3r//jKe+o9Ug=,DlwIWE1rcjrcdcCFQnYhOsD7BKM=
7,-19,h9QaUjyNupFO5aw3r//jKe+o9Ug=,DlwIWE1rcjrcdcCFQnYhOsD7BKM=
9,-17,h9QaUjyNupFO5aw3r//jKe+o9Ug=,UaEbM5w1rgyFOkZjRcRyem18/Lo=
11,-19,h9QaUjyNupFO5aw3r//jKe+o9Ug=,UaEbM5w1rgyFOkZjRcRyem18/Lo=
10,-19,h9QaUjyNupFO5aw3r//jKe+o9Ug=,UaEbM5w1rgyFOkZjRcRyem18/Lo=
11,-17,h9QaUjyNupFO5aw3r//jKe+o9Ug=,UaEbM5w1rgyFOkZjRcRyem18/Lo=
10,-17,h9QaUjyNupFO5aw3r//jKe+o9Ug=,UaEbM5w1rgyFOkZjRcRyem18/Lo=
14,-23,h9QaUjyNupFO5aw3r//jKe+o9Ug=,UaEbM5w1rgyFOkZjRcRyem18/Lo=
13,-22,h9QaUjyNupFO5aw3r//jKe+o9Ug=,UaEbM5w1rgyFOkZjRcRyem18/Lo=
15,-23,h9QaUjyNupFO5aw3r//jKe+o9Ug=,UaEbM5w1rgyFOkZjRcRyem18/Lo=
14,-22,h9QaUjyNupFO5aw3r//jKe+o9Ug=,UaEbM5w1rgyFOkZjRcRyem18/Lo=
15,-22,h9QaUjyNupFO5aw3r//jKe+o9Ug=,UaEbM5w1rgyFOkZjRcRyem18/Lo=
13,-24,h9QaUjyNupFO5aw3r//jKe+o9Ug=,UaEbM5w1rgyFOkZjRcRyem18/Lo=
14,-24,h9QaUjyNupFO5aw3r//jKe+o9Ug=,UaEbM5w1rgyFOkZjRcRyem18/Lo=
15,-24,h9QaUjyNupFO5aw3r//jKe+o9Ug=,UaEbM5w1rgyFOkZjRcRyem18/Lo=
13,-23,h9QaUjyNupFO5aw3r//jKe+o9Ug=,UaEbM5w1rgyFOkZjRcRyem18/Lo=
0,-18,h9QaUjyNupFO5aw3r//jKe+o9Ug=,DlwIWE1rcjrcdcCFQnYhOsD7BKM=
1,-18,h9QaUjyNupFO5aw3r//jKe+o9Ug=,DlwIWE1rcjrcdcCFQnYhOsD7BKM=
8,-17,h9QaUjyNupFO5aw3r//jKe+o9Ug=,UaEbM5w1rgyFOkZjRcRyem18/Lo=
2,-19,h9QaUjyNupFO5aw3r//jKe+o9Ug=,DlwIWE1rcjrcdcCFQnYhOsD7BKM=
2,-18,h9QaUjyNupFO5aw3r//jKe+o9Ug=,DlwIWE1rcjrcdcCFQnYhOsD7BKM=
0,-19,h9QaUjyNupFO5aw3r//jKe+o9Ug=,DlwIWE1rcjrcdcCFQnYhOsD7BKM=
1,-19,h9QaUjyNupFO5aw3r//jKe+o9Ug=,DlwIWE1rcjrcdcCFQnYhOsD7BKM=
0,-17,h9QaUjyNupFO5aw3r//jKe+o9Ug=,DlwIWE1rcjrcdcCFQnYhOsD7BKM=
2,-17,h9QaUjyNupFO5aw3r//jKe+o9Ug=,DlwIWE1rcjrcdcCFQnYhOsD7BKM=
1,-17,h9QaUjyNupFO5aw3r//jKe+o9Ug=,DlwIWE1rcjrcdcCFQnYhOsD7BKM=
14,-18,h9QaUjyNupFO5aw3r//jKe+o9Ug=,UaEbM5w1rgyFOkZjRcRyem18/Lo=
15,-18,h9QaUjyNupFO5aw3r//jKe+o9Ug=,UaEbM5w1rgyFOkZjRcRyem18/Lo=
13,-19,h9QaUjyNupFO5aw3r//jKe+o9Ug=,UaEbM5w1rgyFOkZjRcRyem18/Lo=
13,-18,h9QaUjyNupFO5aw3r//jKe+o9Ug=,UaEbM5w1rgyFOkZjRcRyem18/Lo=
14,-19,h9QaUjyNupFO5aw3r//jKe+o9Ug=,UaEbM5w1rgyFOkZjRcRyem18/Lo=
15,-19,h9QaUjyNupFO5aw3r//jKe+o9Ug=,UaEbM5w1rgyFOkZjRcRyem18/Lo=
15,-17,h9QaUjyNupFO5aw3r//jKe+o9Ug=,UaEbM5w1rgyFOkZjRcRyem18/Lo=
13,-17,h9QaUjyNupFO5aw3r//jKe+o9Ug=,UaEbM5w1rgyFOkZjRcRyem18/Lo=
14,-17,h9QaUjyNupFO5aw3r//jKe+o9Ug=,UaEbM5w1rgyFOkZjRcRyem18/Lo=
19,-12,MLASTdJomhzLhCgmy+jPsOaK3E0=,8qTSZo0e3RNKgK/zmGS5tMGtCPs=
19,-13,MLASTdJomhzLhCgmy+jPsOaK3E0=,8qTSZo0e3RNKgK/zmGS5tMGtCPs=
20,-13,MLASTdJomhzLhCgmy+jPsOaK3E0=,8qTSZo0e3RNKgK/zmGS5tMGtCPs=
20,-12,MLASTdJomhzLhCgmy+jPsOaK3E0=,8qTSZo0e3RNKgK/zmGS5tMGtCPs=
21,-13,MLASTdJomhzLhCgmy+jPsOaK3E0=,8qTSZo0e3RNKgK/zmGS5tMGtCPs=
22,-13,MLASTdJomhzLhCgmy+jPsOaK3E0=,8qTSZo0e3RNKgK/zmGS5tMGtCPs=
23,-13,MLASTdJomhzLhCgmy+jPsOaK3E0=,8qTSZo0e3RNKgK/zmGS5tMGtCPs=
21,-12,MLASTdJomhzLhCgmy+jPsOaK3E0=,8qTSZo0e3RNKgK/zmGS5tMGtCPs=
22,-12,MLASTdJomhzLhCgmy+jPsOaK3E0=,8qTSZo0e3RNKgK/zmGS5tMGtCPs=
23,-12,MLASTdJomhzLhCgmy+jPsOaK3E0=,8qTSZo0e3RNKgK/zmGS5tMGtCPs=
22,-7,MLASTdJomhzLhCgmy+jPsOaK3E0=,3E8Jl9Shu6ZGlDKaIi3ODFjK890=
23,-7,MLASTdJomhzLhCgmy+jPsOaK3E0=,3E8Jl9Shu6ZGlDKaIi3ODFjK890=
22,-4,MLASTdJomhzLhCgmy+jPsOaK3E0=,3E8Jl9Shu6ZGlDKaIi3ODFjK890=
23,-4,MLASTdJomhzLhCgmy+jPsOaK3E0=,3E8Jl9Shu6ZGlDKaIi3ODFjK890=
19,-10,MLASTdJomhzLhCgmy+jPsOaK3E0=,8qTSZo0e3RNKgK/zmGS5tMGtCPs=
20,-10,MLASTdJomhzLhCgmy+jPsOaK3E0=,8qTSZo0e3RNKgK/zmGS5tMGtCPs=
19,-6,MLASTdJomhzLhCgmy+jPsOaK3E0=,3E8Jl9Shu6ZGlDKaIi3ODFjK890=
20,-6,MLASTdJomhzLhCgmy+jPsOaK3E0=,3E8Jl9Shu6ZGlDKaIi3ODFjK890=
21,-10,MLASTdJomhzLhCgmy+jPsOaK3E0=,8qTSZo0e3RNKgK/zmGS5tMGtCPs=
21,-6,MLASTdJomhzLhCgmy+jPsOaK3E0=,3E8Jl9Shu6ZGlDKaIi3ODFjK890=
22,-6,MLASTdJomhzLhCgmy+jPsOaK3E0=,3E8Jl9Shu6ZGlDKaIi3ODFjK890=
23,-6,MLASTdJomhzLhCgmy+jPsOaK3E0=,3E8Jl9Shu6ZGlDKaIi3ODFjK890=
22,-10,MLASTdJomhzLhCgmy+jPsOaK3E0=,8qTSZo0e3RNKgK/zmGS5tMGtCPs=
23,-10,MLASTdJomhzLhCgmy+jPsOaK3E0=,8qTSZo0e3RNKgK/zmGS5tMGtCPs=
19,-5,MLASTdJomhzLhCgmy+jPsOaK3E0=,3E8Jl9Shu6ZGlDKaIi3ODFjK890=
20,-5,MLASTdJomhzLhCgmy+jPsOaK3E0=,3E8Jl9Shu6ZGlDKaIi3ODFjK890=
21,-5,MLASTdJomhzLhCgmy+jPsOaK3E0=,3E8Jl9Shu6ZGlDKaIi3ODFjK890=
19,-11,MLASTdJomhzLhCgmy+jPsOaK3E0=,8qTSZo0e3RNKgK/zmGS5tMGtCPs=
20,-11,MLASTdJomhzLhCgmy+jPsOaK3E0=,8qTSZo0e3RNKgK/zmGS5tMGtCPs=
22,-5,MLASTdJomhzLhCgmy+jPsOaK3E0=,3E8Jl9Shu6ZGlDKaIi3ODFjK890=
23,-5,MLASTdJomhzLhCgmy+jPsOaK3E0=,3E8Jl9Shu6ZGlDKaIi3ODFjK890=
21,-11,MLASTdJomhzLhCgmy+jPsOaK3E0=,8qTSZo0e3RNKgK/zmGS5tMGtCPs=
19,-4,MLASTdJomhzLhCgmy+jPsOaK3E0=,3E8Jl9Shu6ZGlDKaIi3ODFjK890=
20,-4,MLASTdJomhzLhCgmy+jPsOaK3E0=,3E8Jl9Shu6ZGlDKaIi3ODFjK890=
19,-9,MLASTdJomhzLhCgmy+jPsOaK3E0=,8qTSZo0e3RNKgK/zmGS5tMGtCPs=
20,-9,MLASTdJomhzLhCgmy+jPsOaK3E0=,8qTSZo0e3RNKgK/zmGS5tMGtCPs=
22,-11,MLASTdJomhzLhCgmy+jPsOaK3E0=,8qTSZo0e3RNKgK/zmGS5tMGtCPs=
21,-9,MLASTdJomhzLhCgmy+jPsOaK3E0=,8qTSZo0e3RNKgK/zmGS5tMGtCPs=
22,-9,MLASTdJomhzLhCgmy+jPsOaK3E0=,8qTSZo0e3RNKgK/zmGS5tMGtCPs=
19,-7,MLASTdJomhzLhCgmy+jPsOaK3E0=,3E8Jl9Shu6ZGlDKaIi3ODFjK890=
20,-7,MLASTdJomhzLhCgmy+jPsOaK3E0=,3E8Jl9Shu6ZGlDKaIi3ODFjK890=
23,-9,MLASTdJomhzLhCgmy+jPsOaK3E0=,8qTSZo0e3RNKgK/zmGS5tMGtCPs=
21,-7,MLASTdJomhzLhCgmy+jPsOaK3E0=,3E8Jl9Shu6ZGlDKaIi3ODFjK890=
23,-11,MLASTdJomhzLhCgmy+jPsOaK3E0=,8qTSZo0e3RNKgK/zmGS5tMGtCPs=
19,-8,MLASTdJomhzLhCgmy+jPsOaK3E0=,3E8Jl9Shu6ZGlDKaIi3ODFjK890=
20,-8,MLASTdJomhzLhCgmy+jPsOaK3E0=,3E8Jl9Shu6ZGlDKaIi3ODFjK890=
21,-8,MLASTdJomhzLhCgmy+jPsOaK3E0=,3E8Jl9Shu6ZGlDKaIi3ODFjK890=
22,-8,MLASTdJomhzLhCgmy+jPsOaK3E0=,3E8Jl9Shu6ZGlDKaIi3ODFjK890=
23,-8,MLASTdJomhzLhCgmy+jPsOaK3E0=,3E8Jl9Shu6ZGlDKaIi3ODFjK890=
21,-4,MLASTdJomhzLhCgmy+jPsOaK3E0=,3E8Jl9Shu6ZGlDKaIi3ODFjK890=
20,-3,MLASTdJomhzLhCgmy+jPsOaK3E0=,3E8Jl9Shu6ZGlDKaIi3ODFjK890=
19,-2,MLASTdJomhzLhCgmy+jPsOaK3E0=,3E8Jl9Shu6ZGlDKaIi3ODFjK890=
20,-2,MLASTdJomhzLhCgmy+jPsOaK3E0=,3E8Jl9Shu6ZGlDKaIi3ODFjK890=
20,-1,MLASTdJomhzLhCgmy+jPsOaK3E0=,3E8Jl9Shu6ZGlDKaIi3ODFjK890=
19,-3,MLASTdJomhzLhCgmy+jPsOaK3E0=,3E8Jl9Shu6ZGlDKaIi3ODFjK890=
19,-1,MLASTdJomhzLhCgmy+jPsOaK3E0=,3E8Jl9Shu6ZGlDKaIi3ODFjK890=
21,-3,MLASTdJomhzLhCgmy+jPsOaK3E0=,3E8Jl9Shu6ZGlDKaIi3ODFjK890=
22,-3,MLASTdJomhzLhCgmy+jPsOaK3E0=,3E8Jl9Shu6ZGlDKaIi3ODFjK890=
23,-3,MLASTdJomhzLhCgmy+jPsOaK3E0=,3E8Jl9Shu6ZGlDKaIi3ODFjK890=
21,-2,MLASTdJomhzLhCgmy+jPsOaK3E0=,3E8Jl9Shu6ZGlDKaIi3ODFjK890=
22,-2,MLASTdJomhzLhCgmy+jPsOaK3E0=,3E8Jl9Shu6ZGlDKaIi3ODFjK890=
23,-2,MLASTdJomhzLhCgmy+jPsOaK3E0=,3E8Jl9Shu6ZGlDKaIi3ODFjK890=
21,-1,MLASTdJomhzLhCgmy+jPsOaK3E0=,3E8Jl9Shu6ZGlDKaIi3ODFjK890=
22,-1,MLASTdJomhzLhCgmy+jPsOaK3E0=,3E8Jl9Shu6ZGlDKaIi3ODFjK890=
23,-1,MLASTdJomhzLhCgmy+jPsOaK3E0=,3E8Jl9Shu6ZGlDKaIi3ODFjK890=
16,-5,MLASTdJomhzLhCgmy+jPsOaK3E0=,3E8Jl9Shu6ZGlDKaIi3ODFjK890=
17,-5,MLASTdJomhzLhCgmy+jPsOaK3E0=,3E8Jl9Shu6ZGlDKaIi3ODFjK890=
18,-5,MLASTdJomhzLhCgmy+jPsOaK3E0=,3E8Jl9Shu6ZGlDKaIi3ODFjK890=
16,-4,MLASTdJomhzLhCgmy+jPsOaK3E0=,3E8Jl9Shu6ZGlDKaIi3ODFjK890=
17,-4,MLASTdJomhzLhCgmy+jPsOaK3E0=,3E8Jl9Shu6ZGlDKaIi3ODFjK890=
18,-4,MLASTdJomhzLhCgmy+jPsOaK3E0=,3E8Jl9Shu6ZGlDKaIi3ODFjK890=
19,-15,MLASTdJomhzLhCgmy+jPsOaK3E0=,8qTSZo0e3RNKgK/zmGS5tMGtCPs=
19,-16,MLASTdJomhzLhCgmy+jPsOaK3E0=,8qTSZo0e3RNKgK/zmGS5tMGtCPs=
20,-16,MLASTdJomhzLhCgmy+jPsOaK3E0=,8qTSZo0e3RNKgK/zmGS5tMGtCPs=
21,-16,MLASTdJomhzLhCgmy+jPsOaK3E0=,8qTSZo0e3RNKgK/zmGS5tMGtCPs=
19,-14,MLASTdJomhzLhCgmy+jPsOaK3E0=,8qTSZo0e3RNKgK/zmGS5tMGtCPs=
22,-16,MLASTdJomhzLhCgmy+jPsOaK3E0=,8qTSZo0e3RNKgK/zmGS5tMGtCPs=
23,-16,MLASTdJomhzLhCgmy+jPsOaK3E0=,8qTSZo0e3RNKgK/zmGS5tMGtCPs=
20,-14,MLASTdJomhzLhCgmy+jPsOaK3E0=,8qTSZo0e3RNKgK/zmGS5tMGtCPs=
23,-14,MLASTdJomhzLhCgmy+jPsOaK3E0=,8qTSZo0e3RNKgK/zmGS5tMGtCPs=
22,-14,MLASTdJomhzLhCgmy+jPsOaK3E0=,8qTSZo0e3RNKgK/zmGS5tMGtCPs=
21,-14,MLASTdJomhzLhCgmy+jPsOaK3E0=,8qTSZo0e3RNKgK/zmGS5tMGtCPs=
23,-15,towKbTRua2uJFOTas81QguIUUpY=,8qTSZo0e3RNKgK/zmGS5tMGtCPs=
22,-15,towKbTRua2uJFOTas81QguIUUpY=,8qTSZo0e3RNKgK/zmGS5tMGtCPs=
21,-15,towKbTRua2uJFOTas81QguIUUpY=,8qTSZo0e3RNKgK/zmGS5tMGtCPs=
20,-15,towKbTRua2uJFOTas81QguIUUpY=,8qTSZo0e3RNKgK/zmGS5tMGtCPs=
18,-1,towKbTRua2uJFOTas81QguIUUpY=,3E8Jl9Shu6ZGlDKaIi3ODFjK890=
17,-1,towKbTRua2uJFOTas81QguIUUpY=,3E8Jl9Shu6ZGlDKaIi3ODFjK890=
17,-3,towKbTRua2uJFOTas81QguIUUpY=,3E8Jl9Shu6ZGlDKaIi3ODFjK890=
18,-2,towKbTRua2uJFOTas81QguIUUpY=,3E8Jl9Shu6ZGlDKaIi3ODFjK890=
18,-3,towKbTRua2uJFOTas81QguIUUpY=,3E8Jl9Shu6ZGlDKaIi3ODFjK890=
16,-3,towKbTRua2uJFOTas81QguIUUpY=,3E8Jl9Shu6ZGlDKaIi3ODFjK890=
17,-2,towKbTRua2uJFOTas81QguIUUpY=,3E8Jl9Shu6ZGlDKaIi3ODFjK890=
16,-2,towKbTRua2uJFOTas81QguIUUpY=,3E8Jl9Shu6ZGlDKaIi3ODFjK890=
16,-1,towKbTRua2uJFOTas81QguIUUpY=,3E8Jl9Shu6ZGlDKaIi3ODFjK890=
17,-8,towKbTRua2uJFOTas81QguIUUpY=,3E8Jl9Shu6ZGlDKaIi3ODFjK890=
17,-11,towKbTRua2uJFOTas81QguIUUpY=,8qTSZo0e3RNKgK/zmGS5tMGtCPs=
18,-8,towKbTRua2uJFOTas81QguIUUpY=,3E8Jl9Shu6ZGlDKaIi3ODFjK890=
18,-7,towKbTRua2uJFOTas81QguIUUpY=,3E8Jl9Shu6ZGlDKaIi3ODFjK890=
18,-13,towKbTRua2uJFOTas81QguIUUpY=,8qTSZo0e3RNKgK/zmGS5tMGtCPs=
17,-13,towKbTRua2uJFOTas81QguIUUpY=,8qTSZo0e3RNKgK/zmGS5tMGtCPs=
18,-9,towKbTRua2uJFOTas81QguIUUpY=,8qTSZo0e3RNKgK/zmGS5tMGtCPs=
17,-14,towKbTRua2uJFOTas81QguIUUpY=,8qTSZo0e3RNKgK/zmGS5tMGtCPs=
17,-9,towKbTRua2uJFOTas81QguIUUpY=,8qTSZo0e3RNKgK/zmGS5tMGtCPs=
17,-7,towKbTRua2uJFOTas81QguIUUpY=,3E8Jl9Shu6ZGlDKaIi3ODFjK890=
16,-11,towKbTRua2uJFOTas81QguIUUpY=,8qTSZo0e3RNKgK/zmGS5tMGtCPs=
18,-14,towKbTRua2uJFOTas81QguIUUpY=,8qTSZo0e3RNKgK/zmGS5tMGtCPs=
18,-16,towKbTRua2uJFOTas81QguIUUpY=,8qTSZo0e3RNKgK/zmGS5tMGtCPs=
18,-15,towKbTRua2uJFOTas81QguIUUpY=,8qTSZo0e3RNKgK/zmGS5tMGtCPs=
17,-6,towKbTRua2uJFOTas81QguIUUpY=,3E8Jl9Shu6ZGlDKaIi3ODFjK890=
18,-6,towKbTRua2uJFOTas81QguIUUpY=,3E8Jl9Shu6ZGlDKaIi3ODFjK890=
17,-12,towKbTRua2uJFOTas81QguIUUpY=,8qTSZo0e3RNKgK/zmGS5tMGtCPs=
18,-11,towKbTRua2uJFOTas81QguIUUpY=,8qTSZo0e3RNKgK/zmGS5tMGtCPs=
17,-16,towKbTRua2uJFOTas81QguIUUpY=,8qTSZo0e3RNKgK/zmGS5tMGtCPs=
16,-7,towKbTRua2uJFOTas81QguIUUpY=,3E8Jl9Shu6ZGlDKaIi3ODFjK890=
18,-12,towKbTRua2uJFOTas81QguIUUpY=,8qTSZo0e3RNKgK/zmGS5tMGtCPs=
17,-10,towKbTRua2uJFOTas81QguIUUpY=,8qTSZo0e3RNKgK/zmGS5tMGtCPs=
18,-10,towKbTRua2uJFOTas81QguIUUpY=,8qTSZo0e3RNKgK/zmGS5tMGtCPs=
17,-15,towKbTRua2uJFOTas81QguIUUpY=,8qTSZo0e3RNKgK/zmGS5tMGtCPs=
16,-15,towKbTRua2uJFOTas81QguIUUpY=,8qTSZo0e3RNKgK/zmGS5tMGtCPs=
16,-6,towKbTRua2uJFOTas81QguIUUpY=,3E8Jl9Shu6ZGlDKaIi3ODFjK890=
16,-14,towKbTRua2uJFOTas81QguIUUpY=,8qTSZo0e3RNKgK/zmGS5tMGtCPs=
16,-8,towKbTRua2uJFOTas81QguIUUpY=,3E8Jl9Shu6ZGlDKaIi3ODFjK890=
16,-12,towKbTRua2uJFOTas81QguIUUpY=,8qTSZo0e3RNKgK/zmGS5tMGtCPs=
16,-16,towKbTRua2uJFOTas81QguIUUpY=,8qTSZo0e3RNKgK/zmGS5tMGtCPs=
16,-10,towKbTRua2uJFOTas81QguIUUpY=,8qTSZo0e3RNKgK/zmGS5tMGtCPs=
16,-13,towKbTRua2uJFOTas81QguIUUpY=,8qTSZo0e3RNKgK/zmGS5tMGtCPs=
16,-9,towKbTRua2uJFOTas81QguIUUpY=,8qTSZo0e3RNKgK/zmGS5tMGtCPs=
19,-20,hZIxfOzeRJupl+4d4A7VnlCGAHw=,XJVhA3GdvqsOupRg0FXXs0fzDu8=
19,-21,hZIxfOzeRJupl+4d4A7VnlCGAHw=,XJVhA3GdvqsOupRg0FXXs0fzDu8=
20,-21,hZIxfOzeRJupl+4d4A7VnlCGAHw=,XJVhA3GdvqsOupRg0FXXs0fzDu8=
20,-20,hZIxfOzeRJupl+4d4A7VnlCGAHw=,XJVhA3GdvqsOupRg0FXXs0fzDu8=
17,-20,hZIxfOzeRJupl+4d4A7VnlCGAHw=,XJVhA3GdvqsOupRg0FXXs0fzDu8=
18,-20,hZIxfOzeRJupl+4d4A7VnlCGAHw=,XJVhA3GdvqsOupRg0FXXs0fzDu8=
16,-21,hZIxfOzeRJupl+4d4A7VnlCGAHw=,XJVhA3GdvqsOupRg0FXXs0fzDu8=
17,-21,hZIxfOzeRJupl+4d4A7VnlCGAHw=,XJVhA3GdvqsOupRg0FXXs0fzDu8=
18,-21,hZIxfOzeRJupl+4d4A7VnlCGAHw=,XJVhA3GdvqsOupRg0FXXs0fzDu8=
16,-20,hZIxfOzeRJupl+4d4A7VnlCGAHw=,XJVhA3GdvqsOupRg0FXXs0fzDu8=
19,-19,hZIxfOzeRJupl+4d4A7VnlCGAHw=,XJVhA3GdvqsOupRg0FXXs0fzDu8=
20,-19,hZIxfOzeRJupl+4d4A7VnlCGAHw=,XJVhA3GdvqsOupRg0FXXs0fzDu8=
19,-18,hZIxfOzeRJupl+4d4A7VnlCGAHw=,XJVhA3GdvqsOupRg0FXXs0fzDu8=
20,-18,hZIxfOzeRJupl+4d4A7VnlCGAHw=,XJVhA3GdvqsOupRg0FXXs0fzDu8=
20,-17,hZIxfOzeRJupl+4d4A7VnlCGAHw=,XJVhA3GdvqsOupRg0FXXs0fzDu8=
19,-17,hZIxfOzeRJupl+4d4A7VnlCGAHw=,XJVhA3GdvqsOupRg0FXXs0fzDu8=
22,-21,hZIxfOzeRJupl+4d4A7VnlCGAHw=,XJVhA3GdvqsOupRg0FXXs0fzDu8=
23,-21,hZIxfOzeRJupl+4d4A7VnlCGAHw=,XJVhA3GdvqsOupRg0FXXs0fzDu8=
21,-21,hZIxfOzeRJupl+4d4A7VnlCGAHw=,XJVhA3GdvqsOupRg0FXXs0fzDu8=
23,-20,hZIxfOzeRJupl+4d4A7VnlCGAHw=,XJVhA3GdvqsOupRg0FXXs0fzDu8=
19,-24,hZIxfOzeRJupl+4d4A7VnlCGAHw=,XJVhA3GdvqsOupRg0FXXs0fzDu8=
22,-20,hZIxfOzeRJupl+4d4A7VnlCGAHw=,XJVhA3GdvqsOupRg0FXXs0fzDu8=
20,-24,hZIxfOzeRJupl+4d4A7VnlCGAHw=,XJVhA3GdvqsOupRg0FXXs0fzDu8=
20,-22,hZIxfOzeRJupl+4d4A7VnlCGAHw=,XJVhA3GdvqsOupRg0FXXs0fzDu8=
19,-22,hZIxfOzeRJupl+4d4A7VnlCGAHw=,XJVhA3GdvqsOupRg0FXXs0fzDu8=
20,-23,hZIxfOzeRJupl+4d4A7VnlCGAHw=,XJVhA3GdvqsOupRg0FXXs0fzDu8=
21,-20,hZIxfOzeRJupl+4d4A7VnlCGAHw=,XJVhA3GdvqsOupRg0FXXs0fzDu8=
19,-23,hZIxfOzeRJupl+4d4A7VnlCGAHw=,XJVhA3GdvqsOupRg0FXXs0fzDu8=
17,-19,hZIxfOzeRJupl+4d4A7VnlCGAHw=,XJVhA3GdvqsOupRg0FXXs0fzDu8=
18,-17,hZIxfOzeRJupl+4d4A7VnlCGAHw=,XJVhA3GdvqsOupRg0FXXs0fzDu8=
16,-18,hZIxfOzeRJupl+4d4A7VnlCGAHw=,XJVhA3GdvqsOupRg0FXXs0fzDu8=
17,-18,hZIxfOzeRJupl+4d4A7VnlCGAHw=,XJVhA3GdvqsOupRg0FXXs0fzDu8=
17,-17,hZIxfOzeRJupl+4d4A7VnlCGAHw=,XJVhA3GdvqsOupRg0FXXs0fzDu8=
18,-18,hZIxfOzeRJupl+4d4A7VnlCGAHw=,XJVhA3GdvqsOupRg0FXXs0fzDu8=
16,-19,hZIxfOzeRJupl+4d4A7VnlCGAHw=,XJVhA3GdvqsOupRg0FXXs0fzDu8=
18,-19,hZIxfOzeRJupl+4d4A7VnlCGAHw=,XJVhA3GdvqsOupRg0FXXs0fzDu8=
16,-17,hZIxfOzeRJupl+4d4A7VnlCGAHw=,XJVhA3GdvqsOupRg0FXXs0fzDu8=
22,-17,hZIxfOzeRJupl+4d4A7VnlCGAHw=,XJVhA3GdvqsOupRg0FXXs0fzDu8=
23,-19,hZIxfOzeRJupl+4d4A7VnlCGAHw=,XJVhA3GdvqsOupRg0FXXs0fzDu8=
21,-19,hZIxfOzeRJupl+4d4A7VnlCGAHw=,XJVhA3GdvqsOupRg0FXXs0fzDu8=
23,-18,hZIxfOzeRJupl+4d4A7VnlCGAHw=,XJVhA3GdvqsOupRg0FXXs0fzDu8=
22,-18,hZIxfOzeRJupl+4d4A7VnlCGAHw=,XJVhA3GdvqsOupRg0FXXs0fzDu8=
21,-17,hZIxfOzeRJupl+4d4A7VnlCGAHw=,XJVhA3GdvqsOupRg0FXXs0fzDu8=
22,-19,hZIxfOzeRJupl+4d4A7VnlCGAHw=,XJVhA3GdvqsOupRg0FXXs0fzDu8=
23,-17,hZIxfOzeRJupl+4d4A7VnlCGAHw=,XJVhA3GdvqsOupRg0FXXs0fzDu8=
21,-18,hZIxfOzeRJupl+4d4A7VnlCGAHw=,XJVhA3GdvqsOupRg0FXXs0fzDu8=
22,-22,hZIxfOzeRJupl+4d4A7VnlCGAHw=,XJVhA3GdvqsOupRg0FXXs0fzDu8=
21,-23,hZIxfOzeRJupl+4d4A7VnlCGAHw=,XJVhA3GdvqsOupRg0FXXs0fzDu8=
23,-24,hZIxfOzeRJupl+4d4A7VnlCGAHw=,XJVhA3GdvqsOupRg0FXXs0fzDu8=
21,-22,hZIxfOzeRJupl+4d4A7VnlCGAHw=,XJVhA3GdvqsOupRg0FXXs0fzDu8=
22,-23,hZIxfOzeRJupl+4d4A7VnlCGAHw=,XJVhA3GdvqsOupRg0FXXs0fzDu8=
21,-24,hZIxfOzeRJupl+4d4A7VnlCGAHw=,XJVhA3GdvqsOupRg0FXXs0fzDu8=
23,-22,hZIxfOzeRJupl+4d4A7VnlCGAHw=,XJVhA3GdvqsOupRg0FXXs0fzDu8=
22,-24,hZIxfOzeRJupl+4d4A7VnlCGAHw=,XJVhA3GdvqsOupRg0FXXs0fzDu8=
23,-23,hZIxfOzeRJupl+4d4A7VnlCGAHw=,XJVhA3GdvqsOupRg0FXXs0fzDu8=
16,-23,hZIxfOzeRJupl+4d4A7VnlCGAHw=,XJVhA3GdvqsOupRg0FXXs0fzDu8=
17,-22,hZIxfOzeRJupl+4d4A7VnlCGAHw=,XJVhA3GdvqsOupRg0FXXs0fzDu8=
18,-22,hZIxfOzeRJupl+4d4A7VnlCGAHw=,XJVhA3GdvqsOupRg0FXXs0fzDu8=
18,-24,hZIxfOzeRJupl+4d4A7VnlCGAHw=,XJVhA3GdvqsOupRg0FXXs0fzDu8=
18,-23,hZIxfOzeRJupl+4d4A7VnlCGAHw=,XJVhA3GdvqsOupRg0FXXs0fzDu8=
16,-24,hZIxfOzeRJupl+4d4A7VnlCGAHw=,XJVhA3GdvqsOupRg0FXXs0fzDu8=
16,-22,hZIxfOzeRJupl+4d4A7VnlCGAHw=,XJVhA3GdvqsOupRg0FXXs0fzDu8=
17,-24,hZIxfOzeRJupl+4d4A7VnlCGAHw=,XJVhA3GdvqsOupRg0FXXs0fzDu8=
17,-23,hZIxfOzeRJupl+4d4A7VnlCGAHw=,XJVhA3GdvqsOupRg0FXXs0fzDu8=
